,OBJECTID,PIN,TAX_ID,ADDRESS,ACREAGE,ACRE_PL,ACRE_CR,TAX_TYPE,REV_DATE,CVT_NAME,COM_DIST_C,MSN_URL,TAX_URL,BSA_ID,Shape,GlobalID,Shape.area,Shape.len
1,228977,08-07-352-014,08-07-352-014,53432 FITZGERALD DR,0.0,0.0,0.0,B,"May 22, 2006",MACOMB TOWNSHIP,7,http://maps.live.com/?v=2&cp=42.68947219537~-82.9726994156439&style=o&sp=Point.42.68947219537_-82.9726994156439_08-07-352-014_53432 FITZGERALD DR MACOMB TOWNSHIP#JndscD0x,https://accessmygov.com/SiteSearch/SiteSearchResults?ubUsingAccountNumber=true&SearchCategory=Parcel+Number&SearchText=08-07-352-014&SearchFocus=All+Records&uid=259,20-08-07-352-014,,{16C8689C-FFB1-4B30-BC33-3210678A7885},8752.19,390.04
2,228988,08-07-353-017,08-07-353-017,53410 ADDINGTON DR,0.0,0.0,0.0,B,"May 22, 2006",MACOMB TOWNSHIP,7,http://maps.live.com/?v=2&cp=42.689088270577~-82.9745449667272&style=o&sp=Point.42.689088270577_-82.9745449667272_08-07-353-017_53410 ADDINGTON DR MACOMB TOWNSHIP#JndscD0x,https://accessmygov.com/SiteSearch/SiteSearchResults?ubUsingAccountNumber=true&SearchCategory=Parcel+Number&SearchText=08-07-353-017&SearchFocus=All+Records&uid=259,20-08-07-353-017,,{921B1763-8161-4E6E-A466-872D738A173F},10891.04,421.49
3,228989,08-07-353-001,08-07-353-001,53554 ADDINGTON DR,0.0,0.0,0.0,B,"May 22, 2006",MACOMB TOWNSHIP,7,http://maps.live.com/?v=2&cp=42.6904142800255~-82.9745994657304&style=o&sp=Point.42.6904142800255_-82.9745994657304_08-07-353-001_53554 ADDINGTON DR MACOMB TOWNSHIP#JndscD0x,https://accessmygov.com/SiteSearch/SiteSearchResults?ubUsingAccountNumber=true&SearchCategory=Parcel+Number&SearchText=08-07-353-001&SearchFocus=All+Records&uid=259,20-08-07-353-001,,{19A64760-FCA6-4A10-8410-F04B85BB3CC5},10899.78,421.67
4,228990,08-07-353-003,08-07-353-003,15316 AMBERFIELD DR,0.0,0.0,0.0,B,"May 22, 2006",MACOMB TOWNSHIP,7,http://maps.live.com/?v=2&cp=42.6903785372646~-82.9739541689223&style=o&sp=Point.42.6903785372646_-82.9739541689223_08-07-353-003_15316 AMBERFIELD DR MACOMB TOWNSHIP#JndscD0x,https://accessmygov.com/SiteSearch/SiteSearchResults?ubUsingAccountNumber=true&SearchCategory=Parcel+Number&SearchText=08-07-353-003&SearchFocus=All+Records&uid=259,20-08-07-353-003,,{D29356D1-832A-4329-B496-CEAB2C43E1C3},9105.66,391.78
5,229928,08-07-352-021,08-07-352-021,15360 PIERMONT DR,0.0,0.0,0.0,B,"May 22, 2006",MACOMB TOWNSHIP,7,http://maps.live.com/?v=2&cp=42.6886335268682~-82.9736851807952&style=o&sp=Point.42.6886335268682_-82.9736851807952_08-07-352-021_15360 PIERMONT DR MACOMB TOWNSHIP#JndscD0x,https://accessmygov.com/SiteSearch/SiteSearchResults?ubUsingAccountNumber=true&SearchCategory=Parcel+Number&SearchText=08-07-352-021&SearchFocus=All+Records&uid=259,20-08-07-352-021,,{DBBF3D54-6EEE-40EE-9344-E3BAB2D73EEF},8724.29,389.39
6,229929,08-07-353-014,08-07-353-014,15373 PIERMONT DR,0.0,0.0,0.0,B,"May 22, 2006",MACOMB TOWNSHIP,7,http://maps.live.com/?v=2&cp=42.68913452329~-82.9736190451046&style=o&sp=Point.42.68913452329_-82.9736190451046_08-07-353-014_15373 PIERMONT DR MACOMB TOWNSHIP#JndscD0x,https://accessmygov.com/SiteSearch/SiteSearchResults?ubUsingAccountNumber=true&SearchCategory=Parcel+Number&SearchText=08-07-353-014&SearchFocus=All+Records&uid=259,20-08-07-353-014,,{C2E5B285-92A2-4553-BEED-0FC4B33696BE},9029.96,390.51
7,229930,08-07-353-020,08-07-353-020,53482 ADDINGTON DR,0.0,0.0,0.0,B,"May 22, 2006",MACOMB TOWNSHIP,7,http://maps.live.com/?v=2&cp=42.68975125667~-82.9745722034647&style=o&sp=Point.42.68975125667_-82.9745722034647_08-07-353-020_53482 ADDINGTON DR MACOMB TOWNSHIP#JndscD0x,https://accessmygov.com/SiteSearch/SiteSearchResults?ubUsingAccountNumber=true&SearchCategory=Parcel+Number&SearchText=08-07-353-020&SearchFocus=All+Records&uid=259,20-08-07-353-020,,{2C46B5BE-5FAF-428D-A8A9-7B2559473FF6},9415.56,396.87
8,229931,08-07-351-002,08-07-351-002,53587 ADDINGTON DR,0.0,0.0,0.0,B,"May 22, 2006",MACOMB TOWNSHIP,7,http://maps.live.com/?v=2&cp=42.6907522424211~-82.9753006104441&style=o&sp=Point.42.6907522424211_-82.9753006104441_08-07-351-002_53587 ADDINGTON DR MACOMB TOWNSHIP#JndscD0x,https://accessmygov.com/SiteSearch/SiteSearchResults?ubUsingAccountNumber=true&SearchCategory=Parcel+Number&SearchText=08-07-351-002&SearchFocus=All+Records&uid=259,20-08-07-351-002,,{45CB4E23-C98C-4145-A4DE-C8B45F43A26D},9099.73,399.97
9,230731,08-07-352-022,08-07-352-022,15334 PIERMONT DR,0.0,0.0,0.0,B,"May 22, 2006",MACOMB TOWNSHIP,7,http://maps.live.com/?v=2&cp=42.6886318552686~-82.9739452671078&style=o&sp=Point.42.6886318552686_-82.9739452671078_08-07-352-022_15334 PIERMONT DR MACOMB TOWNSHIP#JndscD0x,https://accessmygov.com/SiteSearch/SiteSearchResults?ubUsingAccountNumber=true&SearchCategory=Parcel+Number&SearchText=08-07-352-022&SearchFocus=All+Records&uid=259,20-08-07-352-022,,{D4EB51C8-C9C9-4F13-BC75-3CB57962AAEF},8721.48,389.3
10,230732,08-07-352-020,08-07-352-020,15386 PIERMONT DR,0.0,0.0,0.0,B,"May 22, 2006",MACOMB TOWNSHIP,7,http://maps.live.com/?v=2&cp=42.6886352028192~-82.9734250998475&style=o&sp=Point.42.6886352028192_-82.9734250998475_08-07-352-020_15386 PIERMONT DR MACOMB TOWNSHIP#JndscD0x,https://accessmygov.com/SiteSearch/SiteSearchResults?ubUsingAccountNumber=true&SearchCategory=Parcel+Number&SearchText=08-07-352-020&SearchFocus=All+Records&uid=259,20-08-07-352-020,,{7BB83928-C586-42B7-9990-8B583F62E67E},8728.36,389.5
11,230733,08-07-351-003,08-07-351-003,53563 ADDINGTON DR,0.0,0.0,0.0,B,"May 22, 2006",MACOMB TOWNSHIP,7,http://maps.live.com/?v=2&cp=42.6905602008425~-82.9752928522701&style=o&sp=Point.42.6905602008425_-82.9752928522701_08-07-351-003_53563 ADDINGTON DR MACOMB TOWNSHIP#JndscD0x,https://accessmygov.com/SiteSearch/SiteSearchResults?ubUsingAccountNumber=true&SearchCategory=Parcel+Number&SearchText=08-07-351-003&SearchFocus=All+Records&uid=259,20-08-07-351-003,,{1C869B09-1008-4E9B-8D41-E51957839C75},9099.38,399.96
12,230734,08-07-351-001,08-07-351-001,53611 ADDINGTON DR,0.0,0.0,0.0,B,"May 22, 2006",MACOMB TOWNSHIP,7,http://maps.live.com/?v=2&cp=42.6909450859974~-82.9753094179994&style=o&sp=Point.42.6909450859974_-82.9753094179994_08-07-351-001_53611 ADDINGTON DR MACOMB TOWNSHIP#JndscD0x,https://accessmygov.com/SiteSearch/SiteSearchResults?ubUsingAccountNumber=true&SearchCategory=Parcel+Number&SearchText=08-07-351-001&SearchFocus=All+Records&uid=259,20-08-07-351-001,,{BA2C89AF-F997-4D81-A848-1D467732299C},9177.95,401.21
13,230735,08-07-352-005,08-07-352-005,15355 AMBERFIELD DR,0.0,0.0,0.0,B,"May 22, 2006",MACOMB TOWNSHIP,7,http://maps.live.com/?v=2&cp=42.6908819521771~-82.9735912499699&style=o&sp=Point.42.6908819521771_-82.9735912499699_08-07-352-005_15355 AMBERFIELD DR MACOMB TOWNSHIP#JndscD0x,https://accessmygov.com/SiteSearch/SiteSearchResults?ubUsingAccountNumber=true&SearchCategory=Parcel+Number&SearchText=08-07-352-005&SearchFocus=All+Records&uid=259,20-08-07-352-005,,{A71B0DA3-F9FE-469C-80EF-58A779D138F0},8750.5,390.03
14,231335,08-07-352-012,08-07-352-012,53480 FITZGERALD DR,0.0,0.0,0.0,B,"May 22, 2006",MACOMB TOWNSHIP,7,http://maps.live.com/?v=2&cp=42.6898562701032~-82.972715214986&style=o&sp=Point.42.6898562701032_-82.972715214986_08-07-352-012_53480 FITZGERALD DR MACOMB TOWNSHIP#JndscD0x,https://accessmygov.com/SiteSearch/SiteSearchResults?ubUsingAccountNumber=true&SearchCategory=Parcel+Number&SearchText=08-07-352-012&SearchFocus=All+Records&uid=259,20-08-07-352-012,,{7DC81B38-5CA1-4652-9848-EA3C5B3F6D15},8752.71,390.06
15,231336,08-07-352-010,08-07-352-010,53528 FITZGERALD DR,0.0,0.0,0.0,B,"May 22, 2006",MACOMB TOWNSHIP,7,http://maps.live.com/?v=2&cp=42.6902403509118~-82.9727310107022&style=o&sp=Point.42.6902403509118_-82.9727310107022_08-07-352-010_53528 FITZGERALD DR MACOMB TOWNSHIP#JndscD0x,https://accessmygov.com/SiteSearch/SiteSearchResults?ubUsingAccountNumber=true&SearchCategory=Parcel+Number&SearchText=08-07-352-010&SearchFocus=All+Records&uid=259,20-08-07-352-010,,{FD3F6279-FA13-40B4-988E-67D43548BFCD},8754.41,390.11
16,231349,08-07-353-015,08-07-353-015,15347 PIERMONT DR,0.0,0.0,0.0,B,"May 22, 2006",MACOMB TOWNSHIP,7,http://maps.live.com/?v=2&cp=42.6891326421146~-82.9738988865544&style=o&sp=Point.42.6891326421146_-82.9738988865544_08-07-353-015_15347 PIERMONT DR MACOMB TOWNSHIP#JndscD0x,https://accessmygov.com/SiteSearch/SiteSearchResults?ubUsingAccountNumber=true&SearchCategory=Parcel+Number&SearchText=08-07-353-015&SearchFocus=All+Records&uid=259,20-08-07-353-015,,{EF3FA9C5-F073-4B2A-8974-AF45F2FFD17C},9028.86,390.49
17,231350,08-07-353-013,08-07-353-013,15399 PIERMONT DR,0.0,0.0,0.0,B,"May 22, 2006",MACOMB TOWNSHIP,7,http://maps.live.com/?v=2&cp=42.6891360431354~-82.9733101781743&style=o&sp=Point.42.6891360431354_-82.9733101781743_08-07-353-013_15399 PIERMONT DR MACOMB TOWNSHIP#JndscD0x,https://accessmygov.com/SiteSearch/SiteSearchResults?ubUsingAccountNumber=true&SearchCategory=Parcel+Number&SearchText=08-07-353-013&SearchFocus=All+Records&uid=259,20-08-07-353-013,,{11D1D606-E028-42C8-97BB-C7D22F2C3D9E},10900.4,421.71
18,231351,08-07-352-032,08-07-352-032,53491 ADDINGTON DR,0.0,0.0,0.0,B,"May 22, 2006",MACOMB TOWNSHIP,7,http://maps.live.com/?v=2&cp=42.6898594833301~-82.9752650316141&style=o&sp=Point.42.6898594833301_-82.9752650316141_08-07-352-032_53491 ADDINGTON DR MACOMB TOWNSHIP#JndscD0x,https://accessmygov.com/SiteSearch/SiteSearchResults?ubUsingAccountNumber=true&SearchCategory=Parcel+Number&SearchText=08-07-352-032&SearchFocus=All+Records&uid=259,20-08-07-352-032,,{74EA9977-47BB-4A01-9B14-339B87F3551D},11695.62,439.89
19,231352,08-07-353-022,08-07-353-022,53530 ADDINGTON DR,0.0,0.0,0.0,B,"May 22, 2006",MACOMB TOWNSHIP,7,http://maps.live.com/?v=2&cp=42.6901819852353~-82.9745894631452&style=o&sp=Point.42.6901819852353_-82.9745894631452_08-07-353-022_53530 ADDINGTON DR MACOMB TOWNSHIP#JndscD0x,https://accessmygov.com/SiteSearch/SiteSearchResults?ubUsingAccountNumber=true&SearchCategory=Parcel+Number&SearchText=08-07-353-022&SearchFocus=All+Records&uid=259,20-08-07-353-022,,{DBAB0C21-3F7B-4686-900D-D9FCF316ADDE},9417.32,396.92
20,231590,08-07-352-015,08-07-352-015,53408 FITZGERALD DR,0.0,0.0,0.0,B,"May 22, 2006",MACOMB TOWNSHIP,7,http://maps.live.com/?v=2&cp=42.6892801532124~-82.9726915220962&style=o&sp=Point.42.6892801532124_-82.9726915220962_08-07-352-015_53408 FITZGERALD DR MACOMB TOWNSHIP#JndscD0x,https://accessmygov.com/SiteSearch/SiteSearchResults?ubUsingAccountNumber=true&SearchCategory=Parcel+Number&SearchText=08-07-352-015&SearchFocus=All+Records&uid=259,20-08-07-352-015,,{ACD49D2B-D8C9-4B23-A034-B977A8A56DEB},8751.23,390.01
21,231591,08-07-352-013,08-07-352-013,53456 FITZGERALD DR,0.0,0.0,0.0,B,"May 22, 2006",MACOMB TOWNSHIP,7,http://maps.live.com/?v=2&cp=42.6896642367014~-82.9727073121033&style=o&sp=Point.42.6896642367014_-82.9727073121033_08-07-352-013_53456 FITZGERALD DR MACOMB TOWNSHIP#JndscD0x,https://accessmygov.com/SiteSearch/SiteSearchResults?ubUsingAccountNumber=true&SearchCategory=Parcel+Number&SearchText=08-07-352-013&SearchFocus=All+Records&uid=259,20-08-07-352-013,,{783D2522-C158-4955-B830-BE653BD21546},8752.67,390.06
22,231605,08-07-353-016,08-07-353-016,15321 PIERMONT DR,0.0,0.0,0.0,B,"May 22, 2006",MACOMB TOWNSHIP,7,http://maps.live.com/?v=2&cp=42.6891313372387~-82.9741815413448&style=o&sp=Point.42.6891313372387_-82.9741815413448_08-07-353-016_15321 PIERMONT DR MACOMB TOWNSHIP#JndscD0x,https://accessmygov.com/SiteSearch/SiteSearchResults?ubUsingAccountNumber=true&SearchCategory=Parcel+Number&SearchText=08-07-353-016&SearchFocus=All+Records&uid=259,20-08-07-353-016,,{CFBAE474-2BF7-442B-AC9F-89850E113627},9209.77,393.53
23,231606,08-07-351-004,08-07-351-004,53539 ADDINGTON DR,0.0,0.0,0.0,B,"May 22, 2006",MACOMB TOWNSHIP,7,http://maps.live.com/?v=2&cp=42.6903407247639~-82.9752839921332&style=o&sp=Point.42.6903407247639_-82.9752839921332_08-07-351-004_53539 ADDINGTON DR MACOMB TOWNSHIP#JndscD0x,https://accessmygov.com/SiteSearch/SiteSearchResults?ubUsingAccountNumber=true&SearchCategory=Parcel+Number&SearchText=08-07-351-004&SearchFocus=All+Records&uid=259,20-08-07-351-004,,{543B7007-4E34-4567-9457-341B0CA7F021},11697.21,439.93
24,231607,08-07-353-002,08-07-353-002,15290 AMBERFIELD DR,0.0,0.0,0.0,B,"May 22, 2006",MACOMB TOWNSHIP,7,http://maps.live.com/?v=2&cp=42.6903772538144~-82.9742346778595&style=o&sp=Point.42.6903772538144_-82.9742346778595_08-07-353-002_15290 AMBERFIELD DR MACOMB TOWNSHIP#JndscD0x,https://accessmygov.com/SiteSearch/SiteSearchResults?ubUsingAccountNumber=true&SearchCategory=Parcel+Number&SearchText=08-07-353-002&SearchFocus=All+Records&uid=259,20-08-07-353-002,,{ED39F011-FEDD-4E83-90ED-9E73988B3746},8994.45,389.94
25,231608,08-07-353-004,08-07-353-004,15342 AMBERFIELD DR,0.0,0.0,0.0,B,"May 22, 2006",MACOMB TOWNSHIP,7,http://maps.live.com/?v=2&cp=42.6903804298597~-82.9736719470142&style=o&sp=Point.42.6903804298597_-82.9736719470142_08-07-353-004_15342 AMBERFIELD DR MACOMB TOWNSHIP#JndscD0x,https://accessmygov.com/SiteSearch/SiteSearchResults?ubUsingAccountNumber=true&SearchCategory=Parcel+Number&SearchText=08-07-353-004&SearchFocus=All+Records&uid=259,20-08-07-353-004,,{727A0E92-E840-427F-81FE-F0E72B6182BC},9106.4,391.79
26,232396,08-07-352-011,08-07-352-011,53504 FITZGERALD DR,0.0,0.0,0.0,B,"May 22, 2006",MACOMB TOWNSHIP,7,http://maps.live.com/?v=2&cp=42.6900483095948~-82.9727231140971&style=o&sp=Point.42.6900483095948_-82.9727231140971_08-07-352-011_53504 FITZGERALD DR MACOMB TOWNSHIP#JndscD0x,https://accessmygov.com/SiteSearch/SiteSearchResults?ubUsingAccountNumber=true&SearchCategory=Parcel+Number&SearchText=08-07-352-011&SearchFocus=All+Records&uid=259,20-08-07-352-011,,{E962645B-16A5-4C91-909A-6D45C19DFB0C},8754.46,390.1
27,232410,08-07-352-023,08-07-352-023,15308 PIERMONT DR,0.0,0.0,0.0,B,"May 22, 2006",MACOMB TOWNSHIP,7,http://maps.live.com/?v=2&cp=42.6886301832821~-82.9742053596035&style=o&sp=Point.42.6886301832821_-82.9742053596035_08-07-352-023_15308 PIERMONT DR MACOMB TOWNSHIP#JndscD0x,https://accessmygov.com/SiteSearch/SiteSearchResults?ubUsingAccountNumber=true&SearchCategory=Parcel+Number&SearchText=08-07-352-023&SearchFocus=All+Records&uid=259,20-08-07-352-023,,{EB596B90-B44F-4243-9DBF-DA7AF48EC911},8717.67,389.19
28,232411,08-07-352-029,08-07-352-029,53419 ADDINGTON DR,0.0,0.0,0.0,B,"May 22, 2006",MACOMB TOWNSHIP,7,http://maps.live.com/?v=2&cp=42.6892559188234~-82.9752406653405&style=o&sp=Point.42.6892559188234_-82.9752406653405_08-07-352-029_53419 ADDINGTON DR MACOMB TOWNSHIP#JndscD0x,https://accessmygov.com/SiteSearch/SiteSearchResults?ubUsingAccountNumber=true&SearchCategory=Parcel+Number&SearchText=08-07-352-029&SearchFocus=All+Records&uid=259,20-08-07-352-029,,{F1796E9F-A030-49F0-B739-3F5814675172},9094.25,399.81
29,232412,08-07-353-021,08-07-353-021,53506 ADDINGTON DR,0.0,0.0,0.0,B,"May 22, 2006",MACOMB TOWNSHIP,7,http://maps.live.com/?v=2&cp=42.6899666213057~-82.974580829416&style=o&sp=Point.42.6899666213057_-82.974580829416_08-07-353-021_53506 ADDINGTON DR MACOMB TOWNSHIP#JndscD0x,https://accessmygov.com/SiteSearch/SiteSearchResults?ubUsingAccountNumber=true&SearchCategory=Parcel+Number&SearchText=08-07-353-021&SearchFocus=All+Records&uid=259,20-08-07-353-021,,{05F6C976-BBAA-470F-9729-5E99BA232CF4},9416.78,396.9
30,232413,08-07-353-005,08-07-353-005,15368 AMBERFIELD DR,0.0,0.0,0.0,B,"May 22, 2006",MACOMB TOWNSHIP,7,http://maps.live.com/?v=2&cp=42.6903819566328~-82.9733617898224&style=o&sp=Point.42.6903819566328_-82.9733617898224_08-07-353-005_15368 AMBERFIELD DR MACOMB TOWNSHIP#JndscD0x,https://accessmygov.com/SiteSearch/SiteSearchResults?ubUsingAccountNumber=true&SearchCategory=Parcel+Number&SearchText=08-07-353-005&SearchFocus=All+Records&uid=259,20-08-07-353-005,,{B9C78290-4AD4-46E7-81E1-1D9A46E661D6},10907.12,421.82
31,233473,08-07-352-024,08-07-352-024,15282 PIERMONT DR,0.0,0.0,0.0,B,"May 22, 2006",MACOMB TOWNSHIP,7,http://maps.live.com/?v=2&cp=42.6886285071589~-82.9744654457884&style=o&sp=Point.42.6886285071589_-82.9744654457884_08-07-352-024_15282 PIERMONT DR MACOMB TOWNSHIP#JndscD0x,https://accessmygov.com/SiteSearch/SiteSearchResults?ubUsingAccountNumber=true&SearchCategory=Parcel+Number&SearchText=08-07-352-024&SearchFocus=All+Records&uid=259,20-08-07-352-024,,{A41FDB8A-F25E-437C-AC2A-4858813C2996},8713.85,389.09
32,233474,08-07-353-018,08-07-353-018,53434 ADDINGTON DR,0.0,0.0,0.0,B,"May 22, 2006",MACOMB TOWNSHIP,7,http://maps.live.com/?v=2&cp=42.6893205330246~-82.9745549459309&style=o&sp=Point.42.6893205330246_-82.9745549459309_08-07-353-018_53434 ADDINGTON DR MACOMB TOWNSHIP#JndscD0x,https://accessmygov.com/SiteSearch/SiteSearchResults?ubUsingAccountNumber=true&SearchCategory=Parcel+Number&SearchText=08-07-353-018&SearchFocus=All+Records&uid=259,20-08-07-353-018,,{9937A69E-3402-461D-8466-6ED20AC1D310},9414.08,396.83
33,233475,08-07-352-030,08-07-352-030,53443 ADDINGTON DR,0.0,0.0,0.0,B,"May 22, 2006",MACOMB TOWNSHIP,7,http://maps.live.com/?v=2&cp=42.6894479626317~-82.9752484215576&style=o&sp=Point.42.6894479626317_-82.9752484215576_08-07-352-030_53443 ADDINGTON DR MACOMB TOWNSHIP#JndscD0x,https://accessmygov.com/SiteSearch/SiteSearchResults?ubUsingAccountNumber=true&SearchCategory=Parcel+Number&SearchText=08-07-352-030&SearchFocus=All+Records&uid=259,20-08-07-352-030,,{96AA0D47-F349-40BE-84E4-DC3CD4E88379},9094.66,399.83
34,233476,08-07-352-002,08-07-352-002,15277 AMBERFIELD DR,0.0,0.0,0.0,B,"May 22, 2006",MACOMB TOWNSHIP,7,http://maps.live.com/?v=2&cp=42.6908767160412~-82.974372304685&style=o&sp=Point.42.6908767160412_-82.974372304685_08-07-352-002_15277 AMBERFIELD DR MACOMB TOWNSHIP#JndscD0x,https://accessmygov.com/SiteSearch/SiteSearchResults?ubUsingAccountNumber=true&SearchCategory=Parcel+Number&SearchText=08-07-352-002&SearchFocus=All+Records&uid=259,20-08-07-352-002,,{8A0641A4-A1C2-42B1-9419-2C6CF3B6ABC1},8750.68,390.03
35,233477,08-07-352-003,08-07-352-003,15303 AMBERFIELD DR,0.0,0.0,0.0,B,"May 22, 2006",MACOMB TOWNSHIP,7,http://maps.live.com/?v=2&cp=42.6908784663133~-82.9741119529778&style=o&sp=Point.42.6908784663133_-82.9741119529778_08-07-352-003_15303 AMBERFIELD DR MACOMB TOWNSHIP#JndscD0x,https://accessmygov.com/SiteSearch/SiteSearchResults?ubUsingAccountNumber=true&SearchCategory=Parcel+Number&SearchText=08-07-352-003&SearchFocus=All+Records&uid=259,20-08-07-352-003,,{B1162F2E-4160-4B09-B0B6-3971DB1D040B},8750.69,390.03
36,245483,08-07-353-019,08-07-353-019,53458 ADDINGTON DR,0.0,0.0,0.0,B,"May 22, 2006",MACOMB TOWNSHIP,7,http://maps.live.com/?v=2&cp=42.6895358943361~-82.9745635799428&style=o&sp=Point.42.6895358943361_-82.9745635799428_08-07-353-019_53458 ADDINGTON DR MACOMB TOWNSHIP#JndscD0x,https://accessmygov.com/SiteSearch/SiteSearchResults?ubUsingAccountNumber=true&SearchCategory=Parcel+Number&SearchText=08-07-353-019&SearchFocus=All+Records&uid=259,20-08-07-353-019,,{937F0B02-9080-4FE8-B311-E78398EB2715},9414.75,396.85
37,245484,08-07-352-031,08-07-352-031,53467 ADDINGTON DR,0.0,0.0,0.0,B,"May 22, 2006",MACOMB TOWNSHIP,7,http://maps.live.com/?v=2&cp=42.6896400035347~-82.9752561652968&style=o&sp=Point.42.6896400035347_-82.9752561652968_08-07-352-031_53467 ADDINGTON DR MACOMB TOWNSHIP#JndscD0x,https://accessmygov.com/SiteSearch/SiteSearchResults?ubUsingAccountNumber=true&SearchCategory=Parcel+Number&SearchText=08-07-352-031&SearchFocus=All+Records&uid=259,20-08-07-352-031,,{2D9F457A-5458-439A-B1B9-A9EB880C4762},9094.99,399.84
38,245485,08-07-352-001,08-07-352-001,15251 AMBERFIELD DR,0.0,0.0,0.0,B,"May 22, 2006",MACOMB TOWNSHIP,7,http://maps.live.com/?v=2&cp=42.6908752529507~-82.9746714626574&style=o&sp=Point.42.6908752529507_-82.9746714626574_08-07-352-001_15251 AMBERFIELD DR MACOMB TOWNSHIP#JndscD0x,https://accessmygov.com/SiteSearch/SiteSearchResults?ubUsingAccountNumber=true&SearchCategory=Parcel+Number&SearchText=08-07-352-001&SearchFocus=All+Records&uid=259,20-08-07-352-001,,{ED093EE5-BF30-4997-A13B-FEBD18D62340},11358.09,431.77
39,245486,08-07-352-004,08-07-352-004,15329 AMBERFIELD DR,0.0,0.0,0.0,B,"May 22, 2006",MACOMB TOWNSHIP,7,http://maps.live.com/?v=2&cp=42.6908802093043~-82.9738516010411&style=o&sp=Point.42.6908802093043_-82.9738516010411_08-07-352-004_15329 AMBERFIELD DR MACOMB TOWNSHIP#JndscD0x,https://accessmygov.com/SiteSearch/SiteSearchResults?ubUsingAccountNumber=true&SearchCategory=Parcel+Number&SearchText=08-07-352-004&SearchFocus=All+Records&uid=259,20-08-07-352-004,,{C732C2FE-093E-4F04-B8DA-41E7548A9D4F},8750.63,390.03
40,259930,08-07-352-027,08-07-352-027,53371 ADDINGTON DR,0.0,0.0,0.0,B,"May 22, 2006",MACOMB TOWNSHIP,7,http://maps.live.com/?v=2&cp=42.6888252739142~-82.9752722567587&style=o&sp=Point.42.6888252739142_-82.9752722567587_08-07-352-027_53371 ADDINGTON DR MACOMB TOWNSHIP#JndscD0x,https://accessmygov.com/SiteSearch/SiteSearchResults?ubUsingAccountNumber=true&SearchCategory=Parcel+Number&SearchText=08-07-352-027&SearchFocus=All+Records&uid=259,20-08-07-352-027,,{A7C44190-2EB8-45C6-AA4A-01074C92E1C7},11718.46,466.52
41,262612,08-07-352-019,08-07-352-019,15412 PIERMONT DR,0.0,0.0,0.0,B,"May 22, 2006",MACOMB TOWNSHIP,7,http://maps.live.com/?v=2&cp=42.6886178799312~-82.9731438166796&style=o&sp=Point.42.6886178799312_-82.9731438166796_08-07-352-019_15412 PIERMONT DR MACOMB TOWNSHIP#JndscD0x,https://accessmygov.com/SiteSearch/SiteSearchResults?ubUsingAccountNumber=true&SearchCategory=Parcel+Number&SearchText=08-07-352-019&SearchFocus=All+Records&uid=259,20-08-07-352-019,,{651839C8-ACB5-4D65-BCBA-5D76FD62E95D},9648.61,408.85
42,262613,08-07-353-012,08-07-353-012,15408 PRENTICE CT,0.0,0.0,0.0,B,"May 22, 2006",MACOMB TOWNSHIP,7,http://maps.live.com/?v=2&cp=42.6894867609847~-82.9733226637495&style=o&sp=Point.42.6894867609847_-82.9733226637495_08-07-353-012_15408 PRENTICE CT MACOMB TOWNSHIP#JndscD0x,https://accessmygov.com/SiteSearch/SiteSearchResults?ubUsingAccountNumber=true&SearchCategory=Parcel+Number&SearchText=08-07-353-012&SearchFocus=All+Records&uid=259,20-08-07-353-012,,{28263B72-3CB7-479A-BA0A-C309B5983530},12169.29,448.52
43,262614,08-07-353-008,08-07-353-008,15331 PRENTICE CT,0.0,0.0,0.0,B,"May 22, 2006",MACOMB TOWNSHIP,7,http://maps.live.com/?v=2&cp=42.6900454165081~-82.9740813344501&style=o&sp=Point.42.6900454165081_-82.9740813344501_08-07-353-008_15331 PRENTICE CT MACOMB TOWNSHIP#JndscD0x,https://accessmygov.com/SiteSearch/SiteSearchResults?ubUsingAccountNumber=true&SearchCategory=Parcel+Number&SearchText=08-07-353-008&SearchFocus=All+Records&uid=259,20-08-07-353-008,,{04F76E3F-5456-4980-8A87-C65A084AF509},15706.92,501.22
44,263071,08-07-353-006,08-07-353-006,15383 PRENTICE CT,0.0,0.0,0.0,B,"May 22, 2006",MACOMB TOWNSHIP,7,http://maps.live.com/?v=2&cp=42.6900300677045~-82.9733456328023&style=o&sp=Point.42.6900300677045_-82.9733456328023_08-07-353-006_15383 PRENTICE CT MACOMB TOWNSHIP#JndscD0x,https://accessmygov.com/SiteSearch/SiteSearchResults?ubUsingAccountNumber=true&SearchCategory=Parcel+Number&SearchText=08-07-353-006&SearchFocus=All+Records&uid=259,20-08-07-353-006,,{883E9396-9530-43AE-93E4-09FC6E233958},12314.78,451.79
45,263072,08-07-352-008,08-07-352-008,53576 FITZGERALD DR,0.0,0.0,0.0,B,"May 22, 2006",MACOMB TOWNSHIP,7,http://maps.live.com/?v=2&cp=42.6907306197204~-82.9727139469051&style=o&sp=Point.42.6907306197204_-82.9727139469051_08-07-352-008_53576 FITZGERALD DR MACOMB TOWNSHIP#JndscD0x,https://accessmygov.com/SiteSearch/SiteSearchResults?ubUsingAccountNumber=true&SearchCategory=Parcel+Number&SearchText=08-07-352-008&SearchFocus=All+Records&uid=259,20-08-07-352-008,,{4F760C6D-12FD-4B5C-85F3-05DA81D1921D},11942.27,489.24
46,263519,08-07-352-026,08-07-352-026,15230 PIERMONT DR,0.0,0.0,0.0,B,"May 22, 2006",MACOMB TOWNSHIP,7,http://maps.live.com/?v=2&cp=42.6886033639697~-82.975122033698&style=o&sp=Point.42.6886033639697_-82.975122033698_08-07-352-026_15230 PIERMONT DR MACOMB TOWNSHIP#JndscD0x,https://accessmygov.com/SiteSearch/SiteSearchResults?ubUsingAccountNumber=true&SearchCategory=Parcel+Number&SearchText=08-07-352-026&SearchFocus=All+Records&uid=259,20-08-07-352-026,,{9E79D632-FED3-49CA-B9DC-05C586B6B6D5},15428.4,510.91
47,263520,08-07-353-009,08-07-353-009,15330 PRENTICE CT,0.0,0.0,0.0,B,"May 22, 2006",MACOMB TOWNSHIP,7,http://maps.live.com/?v=2&cp=42.6897446217571~-82.9741701926269&style=o&sp=Point.42.6897446217571_-82.9741701926269_08-07-353-009_15330 PRENTICE CT MACOMB TOWNSHIP#JndscD0x,https://accessmygov.com/SiteSearch/SiteSearchResults?ubUsingAccountNumber=true&SearchCategory=Parcel+Number&SearchText=08-07-353-009&SearchFocus=All+Records&uid=259,20-08-07-353-009,,{B48BCA05-CB73-4FD7-981F-1AB44CB62297},13796.45,506.59
48,263521,08-07-352-007,08-07-352-007,15407 AMBERFIELD DR,0.0,0.0,0.0,B,"May 22, 2006",MACOMB TOWNSHIP,7,http://maps.live.com/?v=2&cp=42.6909143736963~-82.9728983358763&style=o&sp=Point.42.6909143736963_-82.9728983358763_08-07-352-007_15407 AMBERFIELD DR MACOMB TOWNSHIP#JndscD0x,https://accessmygov.com/SiteSearch/SiteSearchResults?ubUsingAccountNumber=true&SearchCategory=Parcel+Number&SearchText=08-07-352-007&SearchFocus=All+Records&uid=259,20-08-07-352-007,,{A9946C83-366B-43EF-A830-7F8110FEE5A0},14324.8,514.29
49,264371,08-07-352-016,08-07-352-016,53384 FITZGERALD DR,0.0,0.0,0.0,B,"May 22, 2006",MACOMB TOWNSHIP,7,http://maps.live.com/?v=2&cp=42.6890892031169~-82.9726805823425&style=o&sp=Point.42.6890892031169_-82.9726805823425_08-07-352-016_53384 FITZGERALD DR MACOMB TOWNSHIP#JndscD0x,https://accessmygov.com/SiteSearch/SiteSearchResults?ubUsingAccountNumber=true&SearchCategory=Parcel+Number&SearchText=08-07-352-016&SearchFocus=All+Records&uid=259,20-08-07-352-016,,{C843F253-2127-4DC2-B427-DABA26B65506},8629.22,382.09
50,264372,08-07-353-011,08-07-353-011,15382 PRENTICE CT,0.0,0.0,0.0,B,"May 22, 2006",MACOMB TOWNSHIP,7,http://maps.live.com/?v=2&cp=42.6894439097187~-82.9736530550394&style=o&sp=Point.42.6894439097187_-82.9736530550394_08-07-353-011_15382 PRENTICE CT MACOMB TOWNSHIP#JndscD0x,https://accessmygov.com/SiteSearch/SiteSearchResults?ubUsingAccountNumber=true&SearchCategory=Parcel+Number&SearchText=08-07-353-011&SearchFocus=All+Records&uid=259,20-08-07-353-011,,{09F5B418-85B6-444B-9B9C-81F7F7B63F0B},10079.65,432.51
51,264818,08-07-352-009,08-07-352-009,53552 FITZGERALD DR,0.0,0.0,0.0,B,"May 22, 2006",MACOMB TOWNSHIP,7,http://maps.live.com/?v=2&cp=42.6904582069172~-82.9727210769022&style=o&sp=Point.42.6904582069172_-82.9727210769022_08-07-352-009_53552 FITZGERALD DR MACOMB TOWNSHIP#JndscD0x,https://accessmygov.com/SiteSearch/SiteSearchResults?ubUsingAccountNumber=true&SearchCategory=Parcel+Number&SearchText=08-07-352-009&SearchFocus=All+Records&uid=259,20-08-07-352-009,,{85A9DB42-2681-411A-A211-63A1692A9735},10857.66,426.3
52,264819,08-07-352-006,08-07-352-006,15381 AMBERFIELD DR,0.0,0.0,0.0,B,"May 22, 2006",MACOMB TOWNSHIP,7,http://maps.live.com/?v=2&cp=42.6908980766856~-82.9733015621481&style=o&sp=Point.42.6908980766856_-82.9733015621481_08-07-352-006_15381 AMBERFIELD DR MACOMB TOWNSHIP#JndscD0x,https://accessmygov.com/SiteSearch/SiteSearchResults?ubUsingAccountNumber=true&SearchCategory=Parcel+Number&SearchText=08-07-352-006&SearchFocus=All+Records&uid=259,20-08-07-352-006,,{5AAACCE1-110B-494A-885B-153F740BD714},10493.84,418.15
53,265895,08-07-352-025,08-07-352-025,15256 PIERMONT DR,0.0,0.0,0.0,B,"May 22, 2006",MACOMB TOWNSHIP,7,http://maps.live.com/?v=2&cp=42.6886113452992~-82.9747336388022&style=o&sp=Point.42.6886113452992_-82.9747336388022_08-07-352-025_15256 PIERMONT DR MACOMB TOWNSHIP#JndscD0x,https://accessmygov.com/SiteSearch/SiteSearchResults?ubUsingAccountNumber=true&SearchCategory=Parcel+Number&SearchText=08-07-352-025&SearchFocus=All+Records&uid=259,20-08-07-352-025,,{991356D6-239B-40C3-AFAE-817B59F38CB1},8916.86,393.15
54,265896,08-07-353-010,08-07-353-010,15356 PRENTICE CT,0.0,0.0,0.0,B,"May 22, 2006",MACOMB TOWNSHIP,7,http://maps.live.com/?v=2&cp=42.6894547689049~-82.9740548743939&style=o&sp=Point.42.6894547689049_-82.9740548743939_08-07-353-010_15356 PRENTICE CT MACOMB TOWNSHIP#JndscD0x,https://accessmygov.com/SiteSearch/SiteSearchResults?ubUsingAccountNumber=true&SearchCategory=Parcel+Number&SearchText=08-07-353-010&SearchFocus=All+Records&uid=259,20-08-07-353-010,,{874C5E05-3F4C-455F-A5A6-0B3F45015EC1},14866.59,487.29
55,265897,08-07-353-007,08-07-353-007,15357 PRENTICE CT,0.0,0.0,0.0,B,"May 22, 2006",MACOMB TOWNSHIP,7,http://maps.live.com/?v=2&cp=42.6900659740656~-82.9736803140172&style=o&sp=Point.42.6900659740656_-82.9736803140172_08-07-353-007_15357 PRENTICE CT MACOMB TOWNSHIP#JndscD0x,https://accessmygov.com/SiteSearch/SiteSearchResults?ubUsingAccountNumber=true&SearchCategory=Parcel+Number&SearchText=08-07-353-007&SearchFocus=All+Records&uid=259,20-08-07-353-007,,{A899B7EC-868A-47C7-B44A-A64D70CDFB9D},10497.65,443.2
56,277789,08-07-352-028,08-07-352-028,53395 ADDINGTON DR,0.0,0.0,0.0,B,"May 22, 2006",MACOMB TOWNSHIP,7,http://maps.live.com/?v=2&cp=42.6890648395261~-82.9752360868534&style=o&sp=Point.42.6890648395261_-82.9752360868534_08-07-352-028_53395 ADDINGTON DR MACOMB TOWNSHIP#JndscD0x,https://accessmygov.com/SiteSearch/SiteSearchResults?ubUsingAccountNumber=true&SearchCategory=Parcel+Number&SearchText=08-07-352-028&SearchFocus=All+Records&uid=259,20-08-07-352-028,,{FA74460C-226D-4E69-B94A-2D9E7F537069},8969.02,391.67
57,278594,08-07-352-018,08-07-352-018,15438 PIERMONT DR,0.0,0.0,0.0,B,"May 22, 2006",MACOMB TOWNSHIP,7,http://maps.live.com/?v=2&cp=42.6886224182308~-82.9727506061071&style=o&sp=Point.42.6886224182308_-82.9727506061071_08-07-352-018_15438 PIERMONT DR MACOMB TOWNSHIP#JndscD0x,https://accessmygov.com/SiteSearch/SiteSearchResults?ubUsingAccountNumber=true&SearchCategory=Parcel+Number&SearchText=08-07-352-018&SearchFocus=All+Records&uid=259,20-08-07-352-018,,{6750E81C-415D-4C78-A1E9-CC6F68DAB855},15303.01,508.22
58,278595,08-07-352-017,08-07-352-017,53360 FITZGERALD DR,0.0,0.0,0.0,B,"May 22, 2006",MACOMB TOWNSHIP,7,http://maps.live.com/?v=2&cp=42.6888515252585~-82.9726272035652&style=o&sp=Point.42.6888515252585_-82.9726272035652_08-07-352-017_53360 FITZGERALD DR MACOMB TOWNSHIP#JndscD0x,https://accessmygov.com/SiteSearch/SiteSearchResults?ubUsingAccountNumber=true&SearchCategory=Parcel+Number&SearchText=08-07-352-017&SearchFocus=All+Records&uid=259,20-08-07-352-017,,{57836E15-9A09-402D-90D5-1CFD63D686B2},11259.04,457.9
